JR118200015;TM_01
JR118200016;TM_02
JR118210002;TM_01
JR118220010;TM_02
JR118230025;TM_01
JR118240026;TM_02
JR118240031;TM_01
JR118240060;TM_02
JR118250032;TM_01
JR118250033;TM_02
JR118250034;TM_01
JR118250035;TM_02
JR118200015;TF_01
JR118200016;TF_02
JR118210002;TF_01
JR118220010;TF_02
JR118230025;TF_01
JR118240026;TF_02
JR118240031;TF_01
JR118240060;TF_02
JR118250032;TF_01
JR118250033;TF_02
JR118250034;TF_01
JR118250035;TF_02
JR118200015;TK_01
JR118200016;TK_02
JR118210002;TK_01
JR118220010;TK_02
JR118230025;TK_01
JR118240026;TK_02
JR118240031;TK_01
JR118240060;TK_02
JR118250032;TK_01
JR118250033;TK_02
JR118250034;TK_01
JR118250035;TK_02
JR118200015;TB_01
JR118200016;TB_02
JR118210002;TB_01
JR118220010;TB_02
JR118230025;TB_01
JR118240026;TB_02
JR118240031;TB_01
JR118240060;TB_02
JR118250032;TB_01
JR118250033;TB_02
JR118250034;TB_01
JR118250035;TB_02
